reason,keep_id,keep_name,loser_id,loser_name,merge_command
name prefix,87,"Focused",2535,"Focused Energy","node --env-file=.env.local merge-companies.mjs --keep 87 --loser 2535 --write"
name prefix,1472,"Offshore wind in Equinor",1485,"Offshore Wind","node --env-file=.env.local merge-companies.mjs --keep 1472 --loser 1485 --write"
name prefix,261,"ATEC",2091,"ATEC Biodigestores","node --env-file=.env.local merge-companies.mjs --keep 261 --loser 2091 --write"
name prefix,87,"Focused",1327,"Focused Energy","node --env-file=.env.local merge-companies.mjs --keep 87 --loser 1327 --write"
name prefix,1300,"Ceres Power",1817,"Ceres","node --env-file=.env.local merge-companies.mjs --keep 1300 --loser 1817 --write"
name prefix,991,"Antora Energy",1566,"Antora","node --env-file=.env.local merge-companies.mjs --keep 991 --loser 1566 --write"
name prefix,982,"Electra",1928,"Electra Vehicles","node --env-file=.env.local merge-companies.mjs --keep 982 --loser 1928 --write"
name prefix,1341,"Seaborg Technologies",1368,"Seaborg","node --env-file=.env.local merge-companies.mjs --keep 1341 --loser 1368 --write"
name prefix,2417,"Green Hydrogen Systems",1821,"Green Hydrogen","node --env-file=.env.local merge-companies.mjs --keep 2417 --loser 1821 --write"
name prefix,1049,"Brenmiller",2488,"Brenmiller Energy","node --env-file=.env.local merge-companies.mjs --keep 1049 --loser 2488 --write"
name prefix,1665,"Xpeng",2110,"XPeng AeroHT","node --env-file=.env.local merge-companies.mjs --keep 1665 --loser 2110 --write"
name prefix,12,"Linde Is Everywhere",1276,"Linde","node --env-file=.env.local merge-companies.mjs --keep 12 --loser 1276 --write"
name prefix,2289,"Cook Clean",2682,"Cook Clean (Ghana)","node --env-file=.env.local merge-companies.mjs --keep 2289 --loser 2682 --write"
name prefix,2299,"African Clean Energy",2676,"African Clean Energy (ACE)","node --env-file=.env.local merge-companies.mjs --keep 2299 --loser 2676 --write"
name prefix,1313,"Greenway",2675,"Greenway Grameen Infra","node --env-file=.env.local merge-companies.mjs --keep 1313 --loser 2675 --write"
name prefix,1345,"Centrus Energy",1372,"Centrus","node --env-file=.env.local merge-companies.mjs --keep 1345 --loser 1372 --write"
name prefix,1863,"Seawind",1888,"Seawind Ocean Technology","node --env-file=.env.local merge-companies.mjs --keep 1863 --loser 1888 --write"
name prefix,2037,"Voxel",2605,"Voxel Energy","node --env-file=.env.local merge-companies.mjs --keep 2037 --loser 2605 --write"
name prefix,979,"Brimstone",2160,"Brimstone Energy","node --env-file=.env.local merge-companies.mjs --keep 979 --loser 2160 --write"
name prefix,1928,"Electra Vehicles",2723,"Electra","node --env-file=.env.local merge-companies.mjs --keep 1928 --loser 2723 --write"
name prefix,1335,"NuScale Power",1389,"NuScale","node --env-file=.env.local merge-companies.mjs --keep 1335 --loser 1389 --write"
name prefix,1389,"NuScale",2173,"NuScale Power","node --env-file=.env.local merge-companies.mjs --keep 1389 --loser 2173 --write"
name prefix,2238,"Ambient",2637,"Ambient Photonics","node --env-file=.env.local merge-companies.mjs --keep 2238 --loser 2637 --write"
name prefix,1807,"Ohmium",2131,"Ohmium International","node --env-file=.env.local merge-companies.mjs --keep 1807 --loser 2131 --write"
name prefix,1671,"Airbus",1681,"Airbus Helicopters","node --env-file=.env.local merge-companies.mjs --keep 1671 --loser 1681 --write"
name prefix,2629,"H2 Power",1827,"H2 Power Energy","node --env-file=.env.local merge-companies.mjs --keep 2629 --loser 1827 --write"
name prefix,1332,"Commonwealth Fusion Systems",1359,"Commonwealth Fusion","node --env-file=.env.local merge-companies.mjs --keep 1332 --loser 1359 --write"
name prefix,88,"Commonwealth Fusion Systems",1359,"Commonwealth Fusion","node --env-file=.env.local merge-companies.mjs --keep 88 --loser 1359 --write"
name prefix,2552,"Greenlyte",2351,"Greenlyte Carbon Technologies","node --env-file=.env.local merge-companies.mjs --keep 2552 --loser 2351 --write"
name prefix,12,"Linde Is Everywhere",1285,"Linde","node --env-file=.env.local merge-companies.mjs --keep 12 --loser 1285 --write"
name prefix,1291,"Ohmium",2131,"Ohmium International","node --env-file=.env.local merge-companies.mjs --keep 1291 --loser 2131 --write"
name prefix,1636,"Eviation",2365,"Eviation Systems","node --env-file=.env.local merge-companies.mjs --keep 1636 --loser 2365 --write"
name prefix,1636,"Eviation",2368,"Eviation Power","node --env-file=.env.local merge-companies.mjs --keep 1636 --loser 2368 --write"
name prefix,1636,"Eviation",2361,"Eviation Motors","node --env-file=.env.local merge-companies.mjs --keep 1636 --loser 2361 --write"
name prefix,1453,"Siemens Gamesa",1678,"Siemens","node --env-file=.env.local merge-companies.mjs --keep 1453 --loser 1678 --write"
name prefix,1928,"Electra Vehicles",2709,"Electra","node --env-file=.env.local merge-companies.mjs --keep 1928 --loser 2709 --write"
name prefix,1237,"Sustainable Aviation Fuel",2375,"Sustainable Aviation","node --env-file=.env.local merge-companies.mjs --keep 1237 --loser 2375 --write"
name prefix,80,"Helion",1320,"Helion Energy","node --env-file=.env.local merge-companies.mjs --keep 80 --loser 1320 --write"
name prefix,1271,"Hy24",1796,"Hy24 Partners","node --env-file=.env.local merge-companies.mjs --keep 1271 --loser 1796 --write"
name prefix,7,"Hy24",1796,"Hy24 Partners","node --env-file=.env.local merge-companies.mjs --keep 7 --loser 1796 --write"
name prefix,1299,"Hydrogenious",2142,"Hydrogenious LOHC Technologies","node --env-file=.env.local merge-companies.mjs --keep 1299 --loser 2142 --write"
same domain,1423,"Statiq",2725,"Statiq","node --env-file=.env.local merge-companies.mjs --keep 1423 --loser 2725 --write"
same domain,1059,"Neste home",1263,"Neste SAF","node --env-file=.env.local merge-companies.mjs --keep 1059 --loser 1263 --write"
same domain,1418,"Zunder",2729,"Zunder","node --env-file=.env.local merge-companies.mjs --keep 1418 --loser 2729 --write"
same domain,1674,"Honeywell",1259,"Honeywell UOP","node --env-file=.env.local merge-companies.mjs --keep 1674 --loser 1259 --write"
same domain,1319,"Solarcookers",2677,"Solar Cookers International","node --env-file=.env.local merge-companies.mjs --keep 1319 --loser 2677 --write"
same domain,1311,"Cookstoves",2672,"Envirofit International","node --env-file=.env.local merge-companies.mjs --keep 1311 --loser 2672 --write"
same domain,1428,"eMobility  | Siemens",1678,"Siemens","node --env-file=.env.local merge-companies.mjs --keep 1428 --loser 1678 --write"
same domain,185,"Plan A",2660,"Sweep","node --env-file=.env.local merge-companies.mjs --keep 185 --loser 2660 --write"
same domain,1454,"GE Vernova",1677,"General Electric","node --env-file=.env.local merge-companies.mjs --keep 1454 --loser 1677 --write"
same domain,1632,"Volocopter",2704,"Volocopter","node --env-file=.env.local merge-companies.mjs --keep 1632 --loser 2704 --write"
same domain,1631,"Wisk Aero",2707,"Wisk Aero","node --env-file=.env.local merge-companies.mjs --keep 1631 --loser 2707 --write"
same domain,1643,"ZeroAvia",2706,"ZeroAvia","node --env-file=.env.local merge-companies.mjs --keep 1643 --loser 2706 --write"
same domain,1635,"Vertical Aerospace",2703,"Vertical Aerospace","node --env-file=.env.local merge-companies.mjs --keep 1635 --loser 2703 --write"
same domain,1044,"ESS",1555,"ESS Tech, Inc.","node --env-file=.env.local merge-companies.mjs --keep 1044 --loser 1555 --write"
same domain,1042,"Invinity Energy Systems",1556,"Energy Storage Beyond Lithium / Invinity Energy Systems","node --env-file=.env.local merge-companies.mjs --keep 1042 --loser 1556 --write"
same name,2831,"Star Catcher",2036,"Star Catcher","node --env-file=.env.local merge-companies.mjs --keep 2831 --loser 2036 --write"
same name,91,"Renaissance Fusion",1331,"Renaissance Fusion","node --env-file=.env.local merge-companies.mjs --keep 91 --loser 1331 --write"
same name,2161,"Fortera",2753,"Fortera","node --env-file=.env.local merge-companies.mjs --keep 2161 --loser 2753 --write"
same name,1340,"Flibe Energy",2543,"Flibe Energy","node --env-file=.env.local merge-companies.mjs --keep 1340 --loser 2543 --write"
same name,1355,"Tokamak Energy",2532,"Tokamak Energy","node --env-file=.env.local merge-companies.mjs --keep 1355 --loser 2532 --write"
same name,1327,"Focused Energy",2535,"Focused Energy","node --env-file=.env.local merge-companies.mjs --keep 1327 --loser 2535 --write"
same name,14,"Lhyfe",1278,"Lhyfe","node --env-file=.env.local merge-companies.mjs --keep 14 --loser 1278 --write"
same name,1295,"Sunfire",1811,"Sunfire","node --env-file=.env.local merge-companies.mjs --keep 1295 --loser 1811 --write"
same name,1335,"NuScale Power",2173,"NuScale Power","node --env-file=.env.local merge-companies.mjs --keep 1335 --loser 2173 --write"
same name,1296,"Enapter",2141,"Enapter","node --env-file=.env.local merge-companies.mjs --keep 1296 --loser 2141 --write"
same name,1292,"Verdagy",2132,"Verdagy","node --env-file=.env.local merge-companies.mjs --keep 1292 --loser 2132 --write"
same name,2133,"Hysata",1290,"Hysata","node --env-file=.env.local merge-companies.mjs --keep 2133 --loser 1290 --write"
same name,1330,"The Nuclear Company",1357,"The Nuclear Company","node --env-file=.env.local merge-companies.mjs --keep 1330 --loser 1357 --write"
same name,1337,"X-Energy",1391,"X-energy","node --env-file=.env.local merge-companies.mjs --keep 1337 --loser 1391 --write"
same name,1326,"Avalanche Energy",2537,"Avalanche Energy","node --env-file=.env.local merge-companies.mjs --keep 1326 --loser 2537 --write"
same name,1655,"VoltAero",2111,"VoltAero","node --env-file=.env.local merge-companies.mjs --keep 1655 --loser 2111 --write"
same name,1704,"REGENT",2367,"Regent","node --env-file=.env.local merge-companies.mjs --keep 1704 --loser 2367 --write"
same name,1637,"Heart Aerospace",2107,"Heart Aerospace","node --env-file=.env.local merge-companies.mjs --keep 1637 --loser 2107 --write"
same name,1639,"Bye Aerospace",2359,"Bye Aerospace","node --env-file=.env.local merge-companies.mjs --keep 1639 --loser 2359 --write"
same name,88,"Commonwealth Fusion Systems",1332,"Commonwealth Fusion Systems","node --env-file=.env.local merge-companies.mjs --keep 88 --loser 1332 --write"
same name,81,"Oklo Inc",1321,"Oklo","node --env-file=.env.local merge-companies.mjs --keep 81 --loser 1321 --write"
same name,2724,"DeCharge Network",2119,"DeCharge Network","node --env-file=.env.local merge-companies.mjs --keep 2724 --loser 2119 --write"
same name,2712,"DeCharge Network",2724,"DeCharge Network","node --env-file=.env.local merge-companies.mjs --keep 2712 --loser 2724 --write"
same name,2712,"DeCharge Network",2119,"DeCharge Network","node --env-file=.env.local merge-companies.mjs --keep 2712 --loser 2119 --write"
same name,7,"Hy24",1271,"Hy24","node --env-file=.env.local merge-companies.mjs --keep 7 --loser 1271 --write"
same name,1277,"First Hydrogen",1286,"First Hydrogen","node --env-file=.env.local merge-companies.mjs --keep 1277 --loser 1286 --write"
same name,1309,"BioLite",2684,"BioLite","node --env-file=.env.local merge-companies.mjs --keep 1309 --loser 2684 --write"
same name,84,"Firefly Fusion",1324,"Firefly Fusion","node --env-file=.env.local merge-companies.mjs --keep 84 --loser 1324 --write"
same name,1652,"Kitty Hawk",1700,"Kitty Hawk","node --env-file=.env.local merge-companies.mjs --keep 1652 --loser 1700 --write"
same name,1276,"Linde",1285,"Linde","node --env-file=.env.local merge-companies.mjs --keep 1276 --loser 1285 --write"
same name,1291,"Ohmium",1807,"Ohmium","node --env-file=.env.local merge-companies.mjs --keep 1291 --loser 1807 --write"
same name,1298,"Hy2gen",1814,"HY2GEN","node --env-file=.env.local merge-companies.mjs --keep 1298 --loser 1814 --write"
same name,9,"VERDE HYDROGEN",1273,"Verde Hydrogen","node --env-file=.env.local merge-companies.mjs --keep 9 --loser 1273 --write"
same name,982,"Electra",2723,"Electra","node --env-file=.env.local merge-companies.mjs --keep 982 --loser 2723 --write"
same name,982,"Electra",2709,"Electra","node --env-file=.env.local merge-companies.mjs --keep 982 --loser 2709 --write"
same name,2709,"Electra",2723,"Electra","node --env-file=.env.local merge-companies.mjs --keep 2709 --loser 2723 --write"
same name,2705,"Wright Electric",2352,"Wright Electric","node --env-file=.env.local merge-companies.mjs --keep 2705 --loser 2352 --write"
same name,1371,"Curio",2521,"Curio","node --env-file=.env.local merge-companies.mjs --keep 1371 --loser 2521 --write"
same name,8,"Plug Power",1281,"Plug Power","node --env-file=.env.local merge-companies.mjs --keep 8 --loser 1281 --write"
same name,1909,"Monolith Corp",2433,"Monolith","node --env-file=.env.local merge-companies.mjs --keep 1909 --loser 2433 --write"
same name,1338,"TerraPower",1908,"TerraPower","node --env-file=.env.local merge-companies.mjs --keep 1338 --loser 1908 --write"
same name,976,"H2 Green Steel",1293,"H2 Green Steel","node --env-file=.env.local merge-companies.mjs --keep 976 --loser 1293 --write"